{"cameraMode":{"drawMode":0,"name":"Shaded","section":"Shading Mode"},"sceneLighting":true,"audioPlay":false,"sceneViewState":{"showFog":true,"showMaterialUpdate":false,"showSkybox":true,"showFlares":true,"showImageEffects":true,"showParticleSystems":true},"in2DMode":false,"pivot":{"x":-1.3420696258544922,"y":2.9004149436950685,"z":5.058698654174805},"rotation":{"x":0.2301206886768341,"y":0.3077426254749298,"z":-0.07697532325983048,"w":0.9200087785720825},"size":31.643333435058595,"orthographic":false}