{"cameraMode":{"drawMode":0,"name":"Shaded","section":"Shading Mode"},"sceneLighting":true,"audioPlay":false,"sceneViewState":{"showFog":true,"showMaterialUpdate":false,"showSkybox":true,"showFlares":true,"showImageEffects":true,"showParticleSystems":true},"in2DMode":false,"pivot":{"x":-11.430975914001465,"y":-9.118461608886719,"z":14.82684326171875},"rotation":{"x":0.23050536215305329,"y":-0.15079151093959809,"z":0.03618249669671059,"w":0.9606364965438843},"size":31.643333435058595,"orthographic":false}